{"cameraMode":{"drawMode":0,"name":"Shaded","section":"Shading Mode"},"sceneLighting":false,"audioPlay":false,"sceneViewState":{"showFog":true,"showMaterialUpdate":false,"showSkybox":true,"showFlares":true,"showImageEffects":true,"showParticleSystems":true},"in2DMode":false,"pivot":{"x":83.7867431640625,"y":-3.3080267906188967,"z":270.8484191894531},"rotation":{"x":-0.029192190617322923,"y":-0.6979985237121582,"z":0.028501713648438455,"w":-0.7149502635002136},"size":61.54261016845703,"orthographic":false}