{"cameraMode":{"drawMode":0,"name":"Shaded","section":"Shading Mode"},"sceneLighting":false,"audioPlay":false,"sceneViewState":{"showFog":true,"showMaterialUpdate":false,"showSkybox":true,"showFlares":true,"showImageEffects":true,"showParticleSystems":true},"in2DMode":false,"pivot":{"x":-0.48894619941711428,"y":1.0849981307983399,"z":43.35343933105469},"rotation":{"x":0.03622614964842796,"y":-0.06560233980417252,"z":0.002358575351536274,"w":0.9972066283226013},"size":12.840530395507813,"orthographic":false}