{"cameraMode":{"drawMode":0,"name":"Shaded","section":"Shading Mode"},"sceneLighting":false,"audioPlay":false,"sceneViewState":{"showFog":true,"showMaterialUpdate":false,"showSkybox":true,"showFlares":true,"showImageEffects":true,"showParticleSystems":true},"in2DMode":false,"pivot":{"x":3.302328586578369,"y":1.469346284866333,"z":7.957052230834961},"rotation":{"x":0.056569378823041919,"y":0.15658731758594514,"z":-0.008983888663351536,"w":0.9860022068023682},"size":3.8258965015411379,"orthographic":false}