{"cameraMode":{"drawMode":0,"name":"Shaded","section":"Shading Mode"},"sceneLighting":false,"audioPlay":false,"sceneViewState":{"showFog":true,"showMaterialUpdate":false,"showSkybox":true,"showFlares":true,"showImageEffects":true,"showParticleSystems":true},"in2DMode":false,"pivot":{"x":1.030557632446289,"y":-3.144965410232544,"z":43.0499267578125},"rotation":{"x":0.3328101336956024,"y":-0.012964767403900624,"z":0.0045667351223528389,"w":0.9429100155830383},"size":3.740393877029419,"orthographic":false}