{"cameraMode":{"drawMode":0,"name":"Shaded","section":"Shading Mode"},"sceneLighting":false,"audioPlay":false,"sceneViewState":{"showFog":true,"showMaterialUpdate":false,"showSkybox":false,"showFlares":true,"showImageEffects":true,"showParticleSystems":true},"in2DMode":false,"pivot":{"x":0.8807028532028198,"y":0.12927091121673585,"z":38.633201599121097},"rotation":{"x":-0.15715619921684266,"y":-0.005643218755722046,"z":0.0009160577319562435,"w":-0.9875768423080444},"size":0.47688668966293337,"orthographic":false}