{"cameraMode":{"drawMode":0,"name":"Shaded","section":"Shading Mode"},"sceneLighting":false,"audioPlay":false,"sceneViewState":{"showFog":true,"showMaterialUpdate":false,"showSkybox":true,"showFlares":true,"showImageEffects":true,"showParticleSystems":true},"in2DMode":false,"pivot":{"x":-3.356834888458252,"y":-2.53255033493042,"z":8.588704109191895},"rotation":{"x":-0.2465580552816391,"y":0.25284692645072939,"z":-0.0668032318353653,"w":-0.9331793189048767},"size":6.639631271362305,"orthographic":false}