{"cameraMode":{"drawMode":0,"name":"Shaded","section":"Shading Mode"},"sceneLighting":false,"audioPlay":false,"sceneViewState":{"showFog":true,"showMaterialUpdate":false,"showSkybox":true,"showFlares":true,"showImageEffects":true,"showParticleSystems":true},"in2DMode":false,"pivot":{"x":0.4924384355545044,"y":0.11742209643125534,"z":38.585601806640628},"rotation":{"x":0.3328101336956024,"y":-0.012964767403900624,"z":0.0045667351223528389,"w":0.9429100155830383},"size":2.6166083812713625,"orthographic":false}